source,href,title,date
https://viet69.id/,https://viet69.id/chich-suong-qua-len-dinh-em-ren-tieng-nhat-luon/,Chịch sướng quá lên đỉnh em rên tiếng Nhật luôn,3/1/2024
https://viet69.id/,https://viet69.id/minh-thu-dai-hoc-su-pham-ky-thuat-hcm-ute/,Minh Thư Đại học Sư phạm Kỹ thuật HCM (UTE),3/1/2024
https://viet69.id/,https://viet69.id/lut-can-voi-em-gai-lot-ren-xe-day-sexy/,Lút cán với em gái lót ren xẻ đáy sexy,3/1/2024
https://viet69.id/,https://viet69.id/em-gai-toc-ngan-mong-rung-lac-sau-tung-cu-dap/,Em gái tóc ngắn mông to rung lắc sau từng cú dập,3/1/2024
https://viet69.id/,https://viet69.id/lau-ngay-gap-lai-co-ban-ki-niem-tinh-cu/,Lâu ngày gặp lại cô bạn thân kỉ niệm tình cũ,3/1/2024
https://viet69.id/,https://viet69.id/vua-het-ngay-kinh-em-da-ga-chich-bat-anh-vet-mang/,Vừa hết ngày kinh em đã gạ chịch bắt anh vét máng,3/1/2024
https://viet69.id/,https://viet69.id/huan-luyen-sugar-baby-tinh-no-le-tinh-duc/,Huấn luyện bé sugar baby tình nô lệ tình dục,3/1/2024
https://viet69.id/,https://viet69.id/ngay-nghi-kiet-suc-voi-em-sinh-vien-trong-phong-tro/,Ngày nghỉ kiệt sức với em sinh viên trong phòng trọ,3/1/2024
https://viet69.id/,https://viet69.id/sinh-vien-nam-nhat-va-cuoc-may-mua-truoc-guong/,Bé sinh viên năm nhất và cuộc mây mưa trước gương,3/1/2024
https://viet69.id/,https://viet69.id/choi-tap-sinh-vien-kinh-can/,Chơi tập thể bé sinh viên kính cận,3/1/2024
https://viet69.id/,https://viet69.id/ghe-dam-mong-moi-cuoi-ngua-da-chay-nuoc-uot-het-bung/,Ghệ dâm mông to mới cưỡi ngựa đã chảy nước ướt hết bụng,3/1/2024
https://viet69.id/,https://viet69.id/check-hang-em-gai-ban-chuyen-dinh-thon-ha-noi/,Check hàng em gái bán chuyên Đình Thôn – Hà Nội,3/1/2024
https://viet69.id/,https://viet69.id/ep-em-nguoi-yeu-dang-dep-vu-vao-tuong-chich/,Ép em người yêu dáng đẹp vú to vào tường chịch,3/1/2024
https://viet69.id/,https://viet69.id/mot-dem-can-tinh-voi-em-gai-xam-tro-vu/,Một đêm cạn tinh với em gái xăm trổ vú to,3/1/2024
https://viet69.id/,https://viet69.id/chi-may-bay-bong-cuc-mup-show-hang-thu-dam/,Chị máy bay Bông cực múp show hàng thủ dâm,3/1/2024
https://sexdiaryx.us/,https://sexdiaryx.us/em-nguoi-yeu-vu-to-hon-dau-cuoi-ngua/,Em người yêu vú to hơn đầu cưỡi ngựa,3/1/2024
https://sexdiaryx.us/,https://sexdiaryx.us/doi-ban-tre-public-loi-thoat-hiem-cc/,Đôi bạn trẻ public lối thoát hiểm cc,3/1/2024
https://sexdiaryx.us/,https://sexdiaryx.us/some-em-nguoi-yeu-thang-ban/,Some em người yêu thằng bạn,3/1/2024
https://sexdiaryx.us/,https://sexdiaryx.us/dang-ngon-thi-em-tat-den/,Đang ngon thì em tắt đèn,3/1/2024
https://sexdiaryx.us/,https://sexdiaryx.us/vo-nguoi-ta-ren-la-khau-dam-khi-chich-nguoi-la/,Vợ người ta rên la khẩu dâm khi chịch người lạ,3/1/2024
https://sexdiaryx.us/,https://sexdiaryx.us/chi-con-ky-niem-sau-cuoc-may-mua-chi-ve-voi-chong/,Chỉ còn kỷ niệm – sau cuộc mây mưa chị về với chồng,3/1/2024
https://sexdiaryx.us/,https://sexdiaryx.us/ngoai-tinh-du-hoac-bi-du/,Ngoại tình – đụ hoặc bị đụ,3/1/2024
https://sexdiaryx.us/,https://sexdiaryx.us/bao-dam-vua-du-vua-dung-that-lung-vut-vao-nguoi-em/,Bạo dâm – vừa đụ vừa dùng thắt lưng vụt vào người em,3/1/2024
https://sexdiaryx.us/,https://sexdiaryx.us/dang-chich-suong-thi-anh-rut-ra-bao-ngua-dit/,Đang chịch sướng thì anh rút ra bảo ngứa đít,3/1/2024
https://sexdiaryx.us/,https://sexdiaryx.us/may-bay-kim-thoa-choi-some-3/,Máy bay Kim Thoa chơi some 3,3/1/2024
https://sexdiaryx.us/,https://sexdiaryx.us/choi-con-ban-than-say-may-dung-quay/,Chơi con bạn thân say – mày đừng quay,3/1/2024
https://sexdiaryx.us/,https://sexdiaryx.us/ong-chu-u50-chich-em-teen-2k4-bim-khit/,Ông chú u50 chịch em teen 2k4 bím khít,3/1/2024
https://sexdiaryx.us/,https://sexdiaryx.us/vua-chich-vua-chao-luoi-em-nguoi-yeu-xam-lung/,Vừa chịch vừa cháo lưỡi em người yêu xăm lưng,3/1/2024
https://sexdiaryx.us/,https://sexdiaryx.us/cap-sinh-vien-thu-duc-tu-quay/,Cặp sinh viên Thủ Đức tự quay,3/1/2024
https://sexdiaryx.us/,https://sexdiaryx.us/choi-em-thu-thao-lon-lang-min-khong-long/,Chơi em Thu Thảo lồn láng mịn không lông,3/1/2024
https://sexdiaryx.us/,https://sexdiaryx.us/sang-tro-con-ban-than-nho-suc-cu-ho/,Sang trọ con bạn thân nhờ sục cu hộ,3/1/2024
https://sexdiaryx.us/,https://sexdiaryx.us/chich-tru-no-em-teen-2k3/,Chịch trừ nợ em teen 2k3,3/1/2024
https://sexdiaryx.us/,https://sexdiaryx.us/ky-nghi-le-dang-nho-cung-em-nguoi-yeu-hot-girl-vu-to/,Kỳ nghỉ lễ đáng nhớ cùng em người yêu hót girl vú to,3/1/2024
https://sexdiaryx.us/,https://sexdiaryx.us/may-bay-binh-duong-some-2-thang-em-cu-be/,Máy bay Bình Dương some 2 thằng em cu bé,3/1/2024
https://sexdiaryx.us/,https://sexdiaryx.us/chi-thich-bu-anh-ra-uong-tinh/,Chỉ thích bú anh ra uống tinh,3/1/2024
https://sexdiaryx.us/,https://sexdiaryx.us/choi-em-nu-sinh-ao-dai-trang-chi-thich-doggy/,Chơi em nữ sinh áo dài trắng chỉ thích doggy,3/1/2024
